Date,Adj Close,Volume,MACD,Signal,RSI,good news
2020-01-13,104.972,132588000,8.54960289997766,7.53115037556013,84.3943303605525,FALSE
2020-01-14,107.584,144981000,9.14660084893301,7.85424047023471,85.6451892715927,FALSE
2020-01-15,103.699997,86844000,9.20026452006402,8.12344528020057,75.9026150305107,FALSE
2020-01-16,102.697998,108683500,9.05753084337107,8.31026239283467,73.5772729418758,FALSE
2020-01-17,102.099998,68145500,8.7947790357812,8.40716572142398,72.1565016850957,FALSE
2020-01-21,109.440002,89017500,9.07422133996826,8.54057684513283,77.8183073088094,FALSE
2020-01-22,113.912003,156845000,9.54648850889011,8.74175917788429,80.4294174289028,TRUE
2020-01-23,114.44,98255000,9.84982592603525,8.96337252751448,80.7180175004799,FALSE
2020-01-24,112.963997,71768000,9.85749088902891,9.14219619981737,77.2868739299244,FALSE
2020-01-27,111.603996,68040500,9.64267001514611,9.24229096288312,74.1588638596345,FALSE
2020-01-28,113.379997,58942500,9.50615037874054,9.2950628460546,75.5504858903923,FALSE
2020-01-29,116.197998,89007500,9.51565615216936,9.33918150727755,77.6107889255215,FALSE
2020-01-30,128.162003,145028500,10.3690567307569,9.54515655197343,83.8378189878696,FALSE
2020-01-31,130.113998,78596500,11.0752242298696,9.85117008755267,84.5908413885134,FALSE
2020-02-03,156,235325000,13.5672561994894,10.59438730994,90.7474396770166,FALSE
2020-02-04,177.412003,304694000,17.0731703044679,11.8901439088456,93.1761196581036,FALSE
2020-02-05,146.940002,242119000,17.1945881667221,12.9510327604209,66.4457950897645,FALSE
2020-02-06,149.792007,199404000,17.3212767691523,13.8250815621672,67.388771362809,FALSE
2020-02-07,149.613998,85317500,17.208940605596,14.5018533708529,67.2617145059657,FALSE
2020-02-10,154.255997,123446000,17.2951165731162,15.0605060113056,68.9080066318526,FALSE
2020-02-11,154.876007,58487500,17.2149974984028,15.491404308725,69.1312856155872,FALSE
2020-02-12,153.457993,60112500,16.8429259099703,15.7617086289741,67.9297794799047,FALSE
2020-02-13,160.800003,131446500,16.9451620625094,15.9983993156812,70.7631363476065,FALSE
2020-02-14,160.005997,78468500,16.7688148422763,16.1524824210002,70.0424370865995,FALSE
2020-02-18,171.679993,81908500,17.3708124008712,16.3961484169744,74.2025426065748,FALSE
2020-02-19,183.483994,127115000,18.5861346430652,16.8341456621925,77.5910860383003,FALSE
2020-02-20,179.882004,88174500,19.0391641531253,17.2751493603791,74.3804370562073,FALSE
2020-02-21,180.199997,71574000,19.2024982347607,17.6606191352554,74.4808309424062,FALSE
2020-02-24,166.757996,75961000,18.0393382675547,17.7363629617153,63.2056725191055,FALSE
2020-02-25,159.981995,86452500,16.3819184041591,17.465474050204,58.4058139415945,FALSE
2020-02-26,155.759995,70427500,14.5598838285167,16.8843560058666,55.5739455438256,FALSE
2020-02-27,135.800003,121386000,11.374189185737,15.7823226418407,44.5712597130315,FALSE
2020-02-28,133.598007,121114500,8.57299638941967,14.3404573913565,43.546962030629,FALSE
2020-03-02,148.723999,100975000,7.4872635445623,12.9698186219976,51.7497723990236,FALSE
2020-03-03,149.102005,128920000,6.58144753739984,11.6921444050781,51.9377210546805,FALSE
2020-03-04,149.899994,75245000,5.86041762253012,10.5257990485685,52.3596099176866,FALSE
2020-03-05,144.908005,54263500,4.83050141432699,9.38673952172018,49.4361334932186,FALSE
2020-03-06,140.695999,63314500,3.63253807839203,8.23589923305455,47.0491206836883,FALSE
2020-03-09,121.599998,85368500,1.12923865475761,6.81456711739517,38.073388016437,FALSE
2020-03-10,129.065994,77972000,-0.249326610537253,5.40178837180868,42.6777713438134,FALSE
2020-03-11,126.846001,66612500,-1.50365124163108,4.02070044912073,41.6852829393811,FALSE
2020-03-12,112.110001,94545500,-3.64476995554642,2.4876063681873,35.7433041516774,FALSE
2020-03-13,109.323997,113201500,-5.50299411082997,0.889486272383845,34.7352010148288,FALSE
2020-03-16,89.014,102447500,-8.51632625401987,-0.991676232896898,28.4383018831432,TRUE
2020-03-17,86.040001,119973000,-11.0173889502055,-2.99681877635861,27.6479234511144,FALSE
2020-03-18,72.244003,118931000,-13.9518921685822,-5.18783345480332,24.2771735431159,FALSE
2020-03-19,85.528,150977500,-15.0323163861869,-7.15673004108004,32.7758216133136,FALSE
2020-03-20,85.505997,141427500,-15.7092493727868,-8.86723390742138,32.7692612560117,FALSE
2020-03-23,86.858002,82272500,-15.9527349392364,-10.2843341137844,33.6480983167685,FALSE
2020-03-24,101,114476000,-14.8335658424179,-11.1941804595111,42.1644315276703,FALSE
2020-03-25,107.849998,106113500,-13.2412418851678,-11.6035927446424,45.7936553228917,FALSE
2020-03-26,105.632004,86903500,-12.0197312760954,-11.686820450933,44.8130862284969,FALSE
2020-03-27,102.872002,71887000,-11.1459013997441,-11.5786366406952,43.5630436151687,FALSE
2020-03-30,100.426003,59990500,-10.5293804607253,-11.3687854047013,42.4333546345781,FALSE
2020-03-31,104.800003,88857500,-9.57743521835195,-11.0105153674314,45.1714863592648,FALSE
2020-04-01,96.311996,66766000,-9.39957058437449,-10.68832641082,41.087324795204,FALSE
2020-04-02,90.893997,99292000,-9.58530538585227,-10.4677222058265,38.6830864164025,FALSE
2020-04-03,96.001999,112810500,-9.21411391252741,-10.2170005471667,42.1216915839258,FALSE
2020-04-06,103.248001,74509000,-8.24026158542074,-9.82165275481747,46.6889088427299,FALSE
2020-04-07,109.089996,89599000,-6.91733766434946,-9.24078973672387,50.1072889998309,FALSE
2020-04-08,109.767998,63280000,-5.74794312032668,-8.54222041344443,50.503957523945,FALSE
2020-04-09,114.599998,68250000,-4.38078849899456,-7.70993403055446,53.350503682834,FALSE
2020-04-13,130.190002,112377000,-2.01608540252073,-6.57116430494771,61.1197782911815,FALSE
2020-04-14,141.977997,152882500,0.799930418392052,-5.09694536027976,65.7628888560361,FALSE
2020-04-15,145.966003,117885000,3.31522613656141,-3.41451106091153,67.1904071333034,FALSE
2020-04-16,149.042007,103289500,5.49349830166206,-1.63290918839681,68.2886907712426,FALSE
2020-04-17,150.778,65641000,7.27600159566784,0.148872968416118,68.9209956413639,FALSE
2020-04-20,149.272003,73733000,8.46949585056505,1.81299754484591,67.6605939407397,FALSE
2020-04-21,137.343994,101045500,8.35652914029291,3.12170386393531,58.5306280177979,TRUE
2020-04-22,146.421997,70827500,8.89696253662903,4.27675559847405,62.6602628842933,FALSE
2020-04-23,141.126007,66183500,8.79651699203052,5.18070787718535,58.9708033009101,FALSE
2020-04-24,145.029999,66060000,8.92900469364673,5.93036724047762,60.8029908235075,FALSE
2020-04-27,159.75,103407000,10.1052956542447,6.76535292323103,66.819486557008,FALSE
2020-04-28,153.824005,76110000,10.4390021258898,7.50008276376278,62.6502943004323,FALSE
2020-04-29,160.102005,81080000,11.0822991948324,8.2165260499767,65.1323748468067,FALSE
2020-04-30,156.376007,142359500,11.1627822523249,8.80577729044634,62.4785889090899,FALSE
2020-05-01,140.264008,162659000,9.81333991557608,9.00728981547229,52.5144593533639,FALSE
2020-05-04,152.238007,96185500,9.59944239344435,9.1257203310667,57.8894042199989,FALSE
2020-05-05,153.641998,84958500,9.43446279184892,9.18746882322314,58.4828081084716,FALSE
2020-05-06,156.516006,55616000,9.42695561918183,9.23536618241488,59.7336700587915,FALSE
2020-05-07,156.007996,57638500,9.27311922328391,9.24291679058869,59.3930376852785,FALSE
2020-05-08,163.884003,80432500,9.67520101882505,9.32937363623596,62.9231466171169,FALSE
2020-05-11,162.257996,82598000,9.75025370742478,9.41354965047372,61.7300240731618,FALSE
2020-05-12,161.882004,79534500,9.66794800524596,9.46442932142817,61.4399118146647,FALSE
2020-05-13,158.192001,95327500,9.19892822142782,9.4113291014281,58.5325449332767,FALSE
2020-05-14,160.666,68411000,8.92398753357679,9.31386078785784,59.9025540275253,FALSE
2020-05-15,159.834,52592000,8.5405099287525,9.15919061603677,59.1942751922993,FALSE
2020-05-18,162.725998,58329000,8.37343745854827,9.00203998453907,60.9238144849438,TRUE
2020-05-19,161.602005,48182500,8.05745317609708,8.81312262285067,59.8618505293931,FALSE
2020-05-20,163.112,36546500,7.83851975621545,8.61820204952363,60.8491756487845,FALSE
2020-05-21,165.520004,61273000,7.76975435025443,8.44851250966979,62.4360427493188,FALSE
2020-05-22,163.376007,49937500,7.4563030111083,8.25007060995749,60.100284838575,FALSE
2020-05-26,163.774002,40448500,7.15749825239141,8.03155613844428,60.3964708028478,FALSE
2020-05-27,164.046005,57747500,6.86352327331247,7.79794956541792,60.6116711636925,FALSE
2020-05-28,161.162003,36278000,6.32492136921002,7.50334392617634,57.0706503894539,FALSE
2020-05-29,167,58822500,6.29657010680259,7.26198916230159,61.920382871872,TRUE
2020-06-01,179.619995,74697500,7.20932504244573,7.25145633833042,69.8496902151585,FALSE
2020-06-02,176.311996,67828000,7.57840292031491,7.31684565472732,65.9718305923804,FALSE
2020-06-03,176.591995,39747500,7.80353903636265,7.41418433105438,66.1431670266536,FALSE
2020-06-04,172.876007,44438500,7.59456642031617,7.45026074890674,61.7028033632295,FALSE
2020-06-05,177.132004,39059500,7.68380340295423,7.49696927971624,64.6314221591191,FALSE
2020-06-08,189.983994,70873500,8.69138367820676,7.73585215941434,71.6753404351138,FALSE
2020-06-09,188.134003,56941000,9.23417368670144,8.03551646487176,69.528769835169,FALSE
2020-06-10,205.009995,92817000,10.9004367453602,8.60850052096945,76.4557587203319,TRUE
2020-06-11,194.567993,79582500,11.2487117828238,9.13654277334032,66.3978505081306,FALSE
2020-06-12,187.056,83817000,10.7941390881548,9.46806203630321,60.2565825329564,FALSE
2020-06-15,198.179993,78486000,11.2023663149736,9.8149228920373,65.365236329363,FALSE
2020-06-16,196.425995,70255500,11.2546200987779,10.1028623333854,63.9689843888222,FALSE
2020-06-17,198.358002,49454000,11.3214221106042,10.3465742888292,64.8593952929516,FALSE
2020-06-18,200.792007,48759500,11.4389064547918,10.5650407220217,65.999378046816,FALSE
2020-06-19,200.179993,43398500,11.3517730554539,10.7223871887082,65.4246596531303,FALSE
2020-06-22,198.863998,31812000,11.0491615539163,10.7877420617498,64.1314647658357,FALSE
2020-06-23,200.356003,31826500,10.8051767415558,10.791228997711,64.9767051332242,FALSE
2020-06-24,192.169998,54798000,9.83786998837812,10.6005571958444,57.0353100032809,FALSE
2020-06-25,197.195999,46272500,9.36883064627736,10.354211885931,60.2477572476863,FALSE
2020-06-26,191.947998,44274500,8.47593842501578,9.97855719374796,55.5751330403783,FALSE
2020-06-29,201.869995,45132000,8.47128543770236,9.67710284253884,61.633577616349,FALSE
2020-06-30,215.962006,84592500,9.49525009507559,9.64073229304619,68.2552221250709,FALSE
2020-07-01,223.925995,66634500,10.8245975947831,9.87750535339357,71.2727480021155,FALSE
2020-07-02,241.731995,86250500,13.1631735835023,10.5346389994153,76.6231368471021,FALSE
2020-07-06,274.31601,102849500,17.4446782061911,11.9166468407705,82.8996577104619,FALSE
2020-07-07,277.971985,107448500,20.8919783726146,13.7117131471393,83.4370048251876,FALSE
2020-07-08,273.175995,81556500,22.9721832508938,15.5638071678902,79.8904653079959,FALSE
2020-07-09,278.855988,58588000,24.7932869902762,17.4097031323674,80.9245929046168,FALSE
2020-07-10,308.929993,116688000,28.3365990141196,19.5950823087178,85.2497326846757,FALSE
2020-07-13,299.411987,194927000,30.0305028389073,21.6821664147557,79.1342568986134,FALSE
2020-07-14,303.359985,117090500,31.3303475239813,23.6118026366008,79.7821275554307,FALSE
2020-07-15,309.201996,81839000,32.4577327271135,25.3809886547034,80.7353321137716,FALSE
2020-07-16,300.127991,71504000,32.2472707896574,26.7542450816942,74.8337369000125,FALSE
2020-07-17,300.167999,46650000,31.7180802142755,27.7470121082105,74.8424687509577,FALSE
2020-07-20,328.600006,85607000,33.2100929405231,28.839628274673,80.1211380787914,FALSE
2020-07-21,313.671997,80536000,32.8097478577765,29.6336521912937,71.6236259327343,FALSE
2020-07-22,318.466003,70805500,32.5046147489834,30.2078447028316,72.6276366510149,FALSE
2020-07-23,302.614014,121642500,30.6305812563507,30.2923920135355,64.500884893823,FALSE
2020-07-24,283.399994,96983000,27.2805126082044,29.6900161324692,56.2804994096654,FALSE
2020-07-27,307.920013,80243500,26.3009388285091,29.0122006716772,62.7967099285616,FALSE
2020-07-28,295.298004,79043500,24.2268567865426,28.0551318946503,58.0041113119085,TRUE
2020-07-29,299.821991,47134500,22.6866620495427,26.9814379256288,59.2058488152746,FALSE
2020-07-30,297.497986,38105000,21.0360285997617,25.7923560604553,58.283178684724,FALSE
2020-07-31,286.152008,61041000,18.5979781807052,24.3534804845053,53.8693718436919,FALSE
2020-08-03,297,44046500,17.3412488303822,22.9510341536807,57.2062656280815,FALSE
2020-08-04,297.399994,42075000,16.1909191020051,21.5990111433456,57.3288334122417,FALSE
2020-08-05,297.003998,24739000,15.0735622937097,20.2939213734184,57.1543046137397,FALSE
2020-08-06,297.915985,29961500,14.099112904946,19.0549596797239,57.4753873041429,FALSE
2020-08-07,290.541992,44482000,12.5867429974536,17.7613163432699,53.9546217510841,FALSE
2020-08-10,283.713989,37611500,10.7137151326382,16.3517961011435,50.848563784859,FALSE
2020-08-11,274.877991,43129000,8.41928360171283,14.7652936012574,47.0720537735191,FALSE
2020-08-12,310.951996,109147000,9.40340421307656,13.6929157236212,60.1007309809128,FALSE
2020-08-13,324.200012,102126500,11.1240993676996,13.1791524524369,63.6404957417053,FALSE
2020-08-14,330.141998,62888000,12.8194565701229,13.1072132759741,65.1345626382623,FALSE
2020-08-17,367.127991,101211500,16.9520867934446,13.8761879794682,72.6642021789735,FALSE
2020-08-18,377.417999,82372500,20.8175716602243,15.2644647156194,74.3254880737078,FALSE
2020-08-19,375.705994,61026500,23.4722779614309,16.9060273647817,73.5248782081067,TRUE
2020-08-20,400.365997,103059000,27.2518654400237,18.9751949798301,77.3153108238128,FALSE
2020-08-21,409.996002,107448000,30.6707236589779,21.3143007156597,78.6035894657175,FALSE
2020-08-24,402.839996,100318000,32.4289428828426,23.5372291490963,75.1865800804529,FALSE
2020-08-25,404.667999,53294500,33.5827280652683,25.5463289323307,75.479816828454,FALSE
2020-08-26,430.634003,71197000,36.1753438057413,27.6721319070128,79.2338686610385,FALSE
2020-08-27,447.75,118465000,39.1597195020577,29.9696494260218,81.2695361999345,FALSE
2020-08-28,442.679993,100406000,40.6471959763563,32.1051587360887,78.8052153268841,FALSE
2020-08-31,498.320007,118374400,45.7879014992244,34.8417072887158,84.3969099388111,FALSE
2020-09-01,475.049988,89841100,47.4374225271213,37.3608503363969,75.4335068977108,FALSE
2020-09-02,447.369995,96176100,45.9810942894096,39.0848991269995,66.399780295158,FALSE
2020-09-03,407,87596100,41.0956968463088,39.4870586708613,55.8875448600081,FALSE
2020-09-04,418.320007,110321900,37.7027997288217,39.1302068824534,57.9002521270045,FALSE
2020-09-08,330.209991,115465700,27.5861662410034,36.8213987541634,41.8821349902398,FALSE
2020-09-09,366.279999,79465800,22.2230361836984,33.9017262400704,48.1999490395127,FALSE
2020-09-10,371.339996,84930600,18.1715461708959,30.7556902262355,49.0369032552865,FALSE
2020-09-11,372.720001,60717500,14.9003045805704,27.5846130971025,49.2776089230079,FALSE
2020-09-14,419.619995,83020600,15.9088720345254,25.2494648845871,56.7534312727011,FALSE
2020-09-15,449.76001,97298200,18.9220942046095,23.9839907485916,60.7564105207184,FALSE
2020-09-16,441.76001,72279300,20.429067765734,23.2730061520201,59.1903315348284,FALSE
2020-09-17,423.429993,76779200,19.9147115897975,22.6013472395756,55.6507636461385,FALSE
2020-09-18,442.149994,86406800,20.7781111147499,22.2367000146104,58.3876064548775,FALSE
2020-09-21,449.390015,109476800,21.7953276757268,22.1484255468337,59.4303642808698,FALSE
2020-09-22,424.230011,79580800,20.3368465690765,21.7861097512823,54.3347773411582,FALSE
2020-09-23,380.359985,95074200,15.4627997924237,20.5214477595106,46.7999533331469,FALSE
2020-09-24,387.790009,96561100,12.0605963999758,18.8292774876036,48.112353278974,FALSE
2020-09-25,407.339996,67208500,10.817152860024,17.2268525620877,51.50247072582,FALSE
2020-09-28,421.200012,49719600,10.8253148630814,15.9465450222864,53.806730376311,FALSE
2020-09-29,419.070007,50219300,10.5384292545016,14.8649218687295,53.3869247251197,FALSE
2020-09-30,429.01001,48145600,10.9864999799219,14.0892374909679,55.1456843569707,FALSE
2020-10-01,448.160004,50741500,12.7399851126025,13.8193870152949,58.4020799521271,FALSE
2020-10-02,415.089996,71430000,11.330549918975,13.3216195960309,51.4548794960687,FALSE
2020-10-05,425.679993,44722800,10.9419545858597,12.8456865939967,53.3678707408337,FALSE
2020-10-06,413.980011,49146300,9.57947301620129,12.1924438784376,50.9777381120963,FALSE
2020-10-07,425.299988,43127700,9.30585202554346,11.6151255078588,53.1633497087904,FALSE
2020-10-08,425.920013,40421100,9.03488769354038,11.0990779449951,53.2861991500216,FALSE
2020-10-09,434,28925700,9.3641893856344,10.752100233123,54.9447135912294,FALSE
2020-10-12,442.299988,38791100,10.1775821827379,10.6371966230459,56.6474227009696,FALSE
2020-10-13,446.649994,34463700,11.0458809248248,10.7189334834017,57.5528229149832,FALSE
2020-10-14,461.299988,47879700,12.7689534672026,11.1289374801619,60.5416248984853,FALSE
2020-10-15,448.880005,35672400,12.9826560634563,11.4996811968208,56.8847316611979,FALSE
2020-10-16,439.670013,32775900,12.2674361595132,11.6532321893593,54.2670469727227,FALSE
2020-10-19,430.829987,36287800,10.862091583381,11.4950040681636,51.8029646855326,FALSE
2020-10-20,421.940002,31656300,8.92808102848107,10.9816194602271,49.374915116562,FALSE
2020-10-21,422.640015,32370500,7.36692757346282,10.2586810828742,49.5753326606055,FALSE
2020-10-22,425.790009,39993200,6.31112962923527,9.46917079214644,50.5245121846783,FALSE
2020-10-23,420.630005,33717000,5.0003915518007,8.5754149440773,48.9006652797215,FALSE
2020-10-26,420.279999,28239200,3.88855478398955,7.63804291205975,48.7861273227987,FALSE
2020-10-27,424.679993,22686500,3.32414025896384,6.77526238144056,50.3602041641468,FALSE
2020-10-28,406.019989,25451400,1.35550587885581,5.69131108092361,44.1611802045201,FALSE
2020-10-29,410.829987,22655300,0.181384699240084,4.58932580458691,46.0061857983983,FALSE
2020-10-30,388.040009,42511300,-2.55858181697442,3.15974428027464,39.3687965244179,FALSE
2020-11-02,400.51001,29021100,-3.68136368788919,1.79152268664188,44.1194060924807,FALSE
2020-11-03,423.899994,34351700,-2.65321556182084,0.902575036949332,51.7551633027675,FALSE
2020-11-04,420.980011,32143100,-2.05038344525082,0.311983340509302,50.8215351080638,FALSE
2020-11-05,438.089996,28414500,-0.189813798989405,0.211623912609561,55.8476050757066,FALSE
2020-11-06,429.950012,21706000,0.620717129551451,0.293442555997939,53.0688404216475,FALSE
2020-11-09,421.26001,34833000,0.555455251575722,0.345845095113496,50.1973397476088,FALSE
2020-11-10,410.359985,30284200,-0.37152348759696,0.202371378571404,46.7782859838756,TRUE
2020-11-11,417.130005,17357700,-0.553496420138572,0.051197818829409,49.0973501239817,FALSE
2020-11-12,411.76001,19855100,-1.11813582403715,-0.182668909743903,47.3354588377574,FALSE
2020-11-13,408.5,19771100,-1.80783261257255,-0.507701650309634,46.2503682804265,FALSE
2020-11-16,408.089996,26838600,-2.36029813507105,-0.878220947261916,46.1072147293295,FALSE
2020-11-17,441.609985,61188300,-0.092284272241386,-0.721033612257811,57.6485419438751,FALSE
2020-11-18,486.640015,78044000,5.27784048379027,0.478741206951806,67.66617748371,FALSE
2020-11-19,499.269989,62475300,10.4325761475326,2.46950819506796,69.8222743583616,FALSE
2020-11-20,489.609985,32911900,13.58169834394,4.69194622484237,66.186950355622,FALSE
2020-11-23,521.849976,50260300,18.4660332688297,7.44676363363983,71.517060970673,FALSE
2020-11-24,555.380005,53648500,24.7571124234432,10.9088333916005,75.7912016570507,TRUE
2020-11-25,574,48930200,30.889243984198,14.90491551012,77.7848290269914,FALSE
2020-11-27,585.76001,37561100,36.2797268425193,19.1798777765999,78.9631517250153,FALSE
2020-11-30,567.599976,63003100,38.6409317618022,23.0720885736403,72.5625504701113,FALSE
2020-12-01,584.76001,40103500,41.4194177383138,26.741554406575,74.6533083824488,FALSE
2020-12-02,568.820007,47775700,41.8527108681925,29.7637856988985,69.3656950296249,FALSE
2020-12-03,593.380005,42552000,43.6744336922492,32.5459152975687,72.5873980432403,FALSE
2020-12-04,599.039978,29401300,45.0555028826953,35.047832814594,73.2846802203449,FALSE
2020-12-07,641.76001,56309700,49.0319499249799,37.8446562366712,77.8618893159964,TRUE
2020-12-08,649.880005,64265000,52.236380115659,40.7230010124688,78.6119901136706,FALSE
2020-12-09,604.47998,71291200,50.5300327708559,42.6844073641462,65.2914865492513,FALSE
2020-12-10,627.070007,67083200,50.4193635546044,44.2313986022378,68.1806279535915,FALSE
2020-12-11,609.98999,46475000,48.3955687834147,45.0642326384732,63.852809563662,TRUE
2020-12-14,639.830017,52040600,48.6388591503354,45.7791579408456,67.7092113850088,FALSE
2020-12-15,633.25,45071500,47.7502806269789,46.1733824780723,66.0361872363232,FALSE
2020-12-16,622.77002,42095800,45.6739283294547,46.0734916483488,63.3512878025034,FALSE
2020-12-17,655.900024,56270100,46.1695053005745,46.0926943787939,67.8073250775001,FALSE
2020-12-18,695,222126200,49.1507160523,46.7042987134952,72.1163534308651,FALSE
2020-12-21,649.859985,58045300,47.3253874839676,46.8285164675896,61.8273601629839,FALSE
2020-12-22,640.340027,51716000,44.5965392497018,46.3821210240121,59.8867950783016,FALSE
2020-12-23,645.97998,33173000,42.4002408524885,45.5857449897074,60.6742925874876,FALSE
2020-12-24,661.77002,22865600,41.4559049475209,44.7597769812701,62.8719328171899,FALSE
2020-12-28,663.690002,32278600,40.3967696265632,43.8871755103287,63.1416536611082,FALSE
2020-12-29,665.98999,22910800,39.2900755303535,42.9677555143337,63.4838772357899,FALSE
2020-12-30,694.780029,42846000,40.2718986455128,42.4285841405695,67.5459221146521,TRUE
2020-12-31,705.669983,49649900,41.4509085431957,42.2330490210948,68.9527831742061,FALSE
2021-01-04,729.77002,48638200,43.8247692944494,42.5513930757657,71.860030045078,FALSE
2021-01-05,735.109985,32245200,45.6111842500533,43.1633513106232,72.4750527056236,FALSE
2021-01-06,755.97998,44700000,48.1558544374917,44.1618519359969,74.7937514190679,FALSE
2021-01-07,816.039978,51498900,54.391868191895,46.2078551871765,80.0120957936647,FALSE
2021-01-08,880.02002,75055500,63.7616046183719,49.7186050734156,83.8481924643732,FALSE
2021-01-11,811.190002,59301600,64.8852245465987,52.7519289680522,68.595803362577,TRUE
2021-01-12,849.440002,46270700,68.0774028431115,55.8170237430641,71.6789345124792,FALSE
2021-01-13,854.409973,33312500,70.1990512994323,58.6934292543377,72.0627260862367,FALSE
2021-01-14,845,31266300,70.3106691806017,61.0168772395905,70.1250627743315,FALSE
2021-01-15,826.159973,38777600,68.0939497635054,62.4322917443735,66.282304590076,FALSE
2021-01-19,844.549988,25367000,67.0482140975353,63.3554762150059,68.1187994070106,FALSE
2021-01-20,850.450012,25665900,65.9354805005781,63.8714770721203,68.7076783000847,FALSE
2021-01-21,844.98999,20521100,63.876721876175,63.8725260329313,67.4657403199239,FALSE
2021-01-22,846.640015,20066500,61.6674204254184,63.4315049114287,67.656009763195,FALSE
2021-01-25,880.799988,41173400,61.95873570559,63.136951070261,71.3868410023193,FALSE
2021-01-26,883.090027,23131600,61.6635728885668,62.8422754339221,71.6231532253285,FALSE
2021-01-27,864.159973,27334000,59.2195114121121,62.1177226295601,66.7179529086816,FALSE
2021-01-28,835.429993,26378000,54.3379319486548,60.5617644933791,60.0015890362479,FALSE
2021-01-29,793.530029,34990800,46.5516496915454,57.7597415330124,51.8100008118276,FALSE
2021-02-01,839.809998,25391400,43.6126323483225,54.9303196960744,58.5424500364019,FALSE
2021-02-02,872.789978,24346200,43.4438549728819,52.6330267514359,62.5569327950411,FALSE
2021-02-03,854.690002,18343500,41.3726625907233,50.3809539192934,59.1704923551211,FALSE
2021-02-04,849.98999,15812700,38.9035204498215,48.085467225399,58.2881163956416,FALSE
2021-02-05,852.22998,18566600,36.7043510750428,45.8092439953278,58.6049481565278,FALSE
2021-02-08,863.419983,20161700,35.4557217349738,43.738539543257,60.2300937807452,FALSE
2021-02-09,849.460022,15157700,32.9597819530396,41.5827880252135,57.2124162637636,FALSE
2021-02-10,804.820007,36216100,27.0676366885267,38.6797577578762,48.7936673155206,FALSE
2021-02-11,811.659973,21622800,22.6884587782841,35.4814979619577,50.0075480023468,FALSE
2021-02-12,816.119995,23768300,19.3547062300509,32.2561396155764,50.8261156670048,FALSE
2021-02-16,796.219971,19802300,14.934759085651,28.7918635095913,47.1189101237617,FALSE
2021-02-17,798.150024,25996500,11.4556051909143,25.3246118458559,47.5187300175976,FALSE
2021-02-18,787.380005,17957100,7.74007734528402,21.8077049457415,45.4535235556005,FALSE
2021-02-19,781.299988,18958300,4.25582964463035,18.2973298855193,44.2834501532053,FALSE
2021-02-22,714.5,37269700,-3.85126750710276,13.8676104069949,33.9445948793318,FALSE
2021-02-23,698.840027,66606900,-11.4083213267556,8.81242406024478,32.0551750579023,FALSE
2021-02-24,742.02002,36767000,-13.754522782874,4.29903469162102,41.6925380465539,FALSE
2021-02-25,682.219971,39023900,-20.2063423877202,-0.602040724247215,34.4126651456197,FALSE
2021-02-26,675.5,41089200,-25.5669811620274,-5.59502881180326,33.7005455492106,FALSE
2021-03-01,718.429993,27136200,-26.0509353907636,-9.68621012759533,41.9631433502238,FALSE
2021-03-02,686.440002,23732200,-28.6851331666593,-13.4859947354081,38.147955636803,FALSE
2021-03-03,653.200012,30208000,-33.0736903623991,-17.4035338608063,34.6252801001842,FALSE
2021-03-04,621.440002,65919500,-38.6686725486636,-21.6565615983778,31.6207410838753,FALSE
2021-03-05,597.950012,89396500,-44.4853823236725,-26.2223257434367,29.5765611760138,FALSE
2021-03-08,563,51787000,-51.3237127932815,-31.2426031534057,26.8004414065916,TRUE
2021-03-09,673.580017,67523300,-47.2752955624251,-34.4491416352096,44.5381922023434,FALSE
2021-03-10,668.059998,60605700,-44.0050522896749,-36.3603237661027,43.9654616799782,FALSE
2021-03-11,699.599976,36253900,-38.4254041609997,-36.7733398450821,48.0741820622212,FALSE
2021-03-12,693.72998,33583800,-34.0842504173255,-36.2355219595308,47.37789606402,FALSE
2021-03-15,707.940002,29335600,-29.1610740720841,-34.8206323820414,49.2925451938124,FALSE
2021-03-16,676.880005,32195700,-27.4492852537659,-33.3463629563863,45.4038408446416,FALSE
2021-03-17,701.809998,40372500,-23.8066104103112,-31.4384124471713,48.8891568326322,FALSE
2021-03-18,653.159973,33224800,-24.5622761550654,-30.0631851887501,43.1060185916537,FALSE
2021-03-19,654.869995,42894000,-24.7379979761114,-28.9981477462224,43.3596367647206,FALSE
2021-03-22,670,39512200,-23.386805294867,-27.8758792559513,45.6674272098947,FALSE
2021-03-23,662.159973,30491900,-22.687077509905,-26.838118906742,44.6521700035234,FALSE
2021-03-24,630.27002,33795200,-24.4242434161607,-26.3553438086258,40.6896248374794,FALSE
2021-03-25,640.390015,39224900,-24.6996388308494,-26.0242028130705,42.4354387765255,FALSE
2021-03-26,618.710022,33852800,-26.3633852345986,-26.0920392973761,39.7369225229875,FALSE
2021-03-29,611.289978,28637000,-27.9583651550904,-26.465304468919,38.8268816888446,FALSE
2021-03-30,635.619995,39432400,-26.9485233930246,-26.5619482537401,43.4038134244945,FALSE
2021-03-31,667.929993,33337300,-23.2727954097192,-25.9041176849359,48.8743720110909,FALSE
2021-04-01,661.75,35298400,-20.6207254010358,-24.8474392281559,47.9202599098534,FALSE
2021-04-05,691.049988,41842800,-15.9705777714289,-23.0720669368105,52.6407508157268,FALSE
2021-04-06,691.619995,28271800,-12.0998281838857,-20.8776191862255,52.7305136733439,FALSE
2021-04-07,670.969971,26309400,-10.5765952000968,-18.8174143889998,49.0997638902729,FALSE
2021-04-08,683.799988,23924300,-8.23917090567409,-16.7017656923346,51.3414995155415,FALSE
2021-04-09,677.02002,21437100,-6.85481403789947,-14.7323753614476,50.0861424346641,FALSE
2021-04-12,701.97998,29135700,-3.7009784971882,-12.5260959885957,54.4971541506262,FALSE
2021-04-13,762.320007,44652800,3.62560111444805,-9.29575656798698,63.0079755022386,FALSE
2021-04-14,732.22998,49017400,6.92413739006679,-6.05177777637622,57.2567382971327,FALSE
2021-04-15,738.849976,27848900,9.95764398332858,-2.84989342443526,58.161556046658,FALSE
2021-04-16,739.780029,27979500,12.2950377759603,0.179092815643846,58.2951278839574,FALSE
2021-04-19,714.630005,39686200,11.9799450975269,2.53926327202045,53.3363144653448,FALSE
2021-04-20,718.98999,35609000,11.9443590947938,4.42028243657511,54.0657938088669,FALSE
2021-04-21,744.119995,31215500,13.7850330345921,6.2932325561785,58.1287501006234,FALSE
2021-04-22,719.690002,35590300,13.1212307477149,7.65883219448578,53.2021161777993,FALSE
2021-04-23,729.400024,28370000,13.2262166853729,8.77230909266321,54.8404065768745,FALSE
2021-04-26,738.200012,31038500,13.8597378537902,9.78979484488861,56.3324120765602,FALSE
2021-04-27,704.73999,29437000,11.5289650728773,10.1376288904864,49.6196272855097,FALSE
2021-04-28,694.400024,22271000,8.74663623230015,9.85943035884911,47.7269120217932,FALSE
2021-04-29,677,28845400,5.07903609529762,8.90335150613882,44.6410160770102,FALSE
2021-04-30,709.440002,40758700,4.73548587861137,8.06977838063333,51.0018406197317,FALSE
2021-05-03,684.900024,27043100,2.45475186977035,6.94677307846073,46.6363979840876,FALSE
2021-05-04,673.599976,29739300,-0.2615507054727,5.50510832167405,44.7374860893277,FALSE
2021-05-05,670.940002,21901900,-2.59891901706817,3.8843028539256,44.2804259041485,FALSE
2021-05-06,663.539978,27784600,-4.99088848037434,2.10926458706561,42.9653212984874,FALSE
2021-05-07,672.369995,23469200,-6.10367358717679,0.466676952217135,45.0620119307963,FALSE
2021-05-10,629.039978,31392400,-10.3624818094618,-1.69915480011865,37.731823301824,FALSE
2021-05-11,617.200012,46503900,-14.5255626695487,-4.26443637400465,36.0081624771203,FALSE
2021-05-12,589.890015,33823600,-19.8002774896219,-7.37160459712809,32.3385481866099,FALSE
2021-05-13,571.690002,44184900,-25.159097516863,-10.9291031810751,30.1345137488451,FALSE
2021-05-14,589.73999,33370900,-27.6310047915748,-14.269483503175,34.8751282542613,FALSE
2021-05-17,576.830017,32390400,-30.2826564308325,-17.4721180887065,33.1429362243657,FALSE
2021-05-18,577.869995,36830600,-31.9320985706402,-20.3641141850932,33.4297788728187,FALSE
2021-05-19,563.460022,39578400,-34.0100114998841,-23.0932936480514,31.418355152909,FALSE
2021-05-20,586.780029,30821100,-33.3901420227973,-25.1526633230006,37.9274397342528,FALSE
2021-05-21,580.880005,26030600,-32.9946320447628,-26.721057067353,36.9713747704851,FALSE
2021-05-24,606.440002,34558100,-30.2697782324025,-27.4308013003629,43.603841803636,FALSE
2021-05-25,604.690002,28005900,-27.9295676588163,-27.5305545720536,43.2681294526078,FALSE
2021-05-26,619.130005,28639300,-24.6258746036269,-26.9496185783683,46.9009444265687,FALSE
2021-05-27,630.849976,26370600,-20.8219478896909,-25.7240844406328,49.7154043871649,FALSE
2021-05-28,625.219971,22737000,-18.0534934797446,-24.1899662484552,48.388566211254,FALSE
2021-06-01,623.900024,18084900,-15.7840335918407,-22.5087797171323,48.0646852044522,FALSE
2021-06-02,605.119995,23302800,-15.3242136729208,-21.07186650829,43.5938150894478,FALSE
2021-06-03,572.840027,30111900,-17.3643611703719,-20.3303654407064,37.1903161555117,FALSE
2021-06-04,599.049988,24036900,-16.6740597718465,-19.5991043069344,44.3395155274883,FALSE
2021-06-07,605.130005,22543700,-15.4581919664849,-18.7709218388445,45.8784637867819,FALSE
2021-06-08,603.590027,26053400,-14.4522745011278,-17.9071923713012,45.5350503655014,FALSE
2021-06-09,598.780029,16584600,-13.8831677860917,-17.1023874542593,44.4167204354081,FALSE
2021-06-10,610.119995,23919600,-12.3744610459795,-16.1568021726033,47.6792158587907,FALSE
2021-06-11,609.890015,16205300,-11.0697523345415,-15.139392204991,47.618172072397,FALSE
2021-06-14,617.690002,20424000,-9.29917244569924,-13.9713482531326,49.9582655505866,FALSE
2021-06-15,599.359985,17764100,-9.26821608326497,-13.0307218191591,44.8837418550107,TRUE
2021-06-16,604.869995,22144100,-8.69879686958268,-12.1643368292438,46.6383939826132,FALSE
2021-06-17,616.599976,22701400,-7.2178141367026,-11.1750322907356,50.2681351064386,FALSE
2021-06-18,623.309998,24560900,-5.43997332733272,-10.028020498055,52.2682963783358,FALSE
2021-06-21,620.830017,24812700,-4.1829173504492,-8.85899986853384,51.4447642571237,FALSE
2021-06-22,623.710022,19158900,-2.92063187168924,-7.67132626916492,52.3830462424687,FALSE
2021-06-23,656.570007,31099200,0.72293113157491,-5.99247478901695,61.5198257345624,FALSE
2021-06-24,679.820007,45982400,5.42403683348766,-3.70917246451603,66.428286493271,FALSE
2021-06-25,671.869995,32496700,8.41123792947644,-1.28509038571753,63.4480149061561,FALSE
2021-06-28,688.719971,21628200,11.9999407148866,1.3719158344033,66.8433995068392,FALSE
2021-06-29,680.76001,17381300,14.0398683363347,3.90550633478959,63.8270668877978,FALSE
2021-06-30,679.700012,18924900,15.393545483209,6.20311416447347,63.4166710649164,FALSE
2021-07-01,677.919983,18634500,16.1366971112933,8.18983075383743,62.687738483707,FALSE
2021-07-02,678.900024,27054500,16.6132243400056,9.87450947107106,62.940311838335,FALSE
2021-07-06,659.580017,23284500,15.2560502503641,10.9508176269297,55.031758174627,FALSE
2021-07-07,644.650024,18792000,12.8278825020653,11.3262306019568,49.8219046867904,FALSE
2021-07-08,652.809998,22773300,11.4302232747423,11.3470291365139,52.4703475904175,FALSE
2021-07-09,656.950012,18140500,10.5351896889508,11.1846612470013,53.8026154459852,FALSE
2021-07-12,685.700012,25927000,12.0073407007785,11.3491971377567,61.8085766046248,FALSE
2021-07-13,668.539978,20966100,11.6550079755634,11.4103593053181,55.6135691122118,FALSE
2021-07-14,653.380005,21641200,10.0368006384227,11.135647571939,50.7720387099114,FALSE
2021-07-15,650.599976,20209600,8.43282618751846,10.5950832950549,49.9138971074807,FALSE
2021-07-16,644.219971,16371000,6.57110419678122,9.79028747540016,47.9124721529362,FALSE
2021-07-19,646.219971,21297100,5.19714988270766,8.87165995686166,48.6081461572495,FALSE
2021-07-20,660.5,15487100,5.20061078327433,8.13745012214419,53.3943818301352,FALSE
2021-07-21,655.289978,13953300,4.72844180470668,7.45564845865669,51.509507734806,FALSE
2021-07-22,649.26001,15105700,3.82360037927947,6.72923884278125,49.3386365199067,TRUE
2021-07-23,643.380005,14604900,2.60204501315536,5.90380007685607,47.2475439004836,FALSE
2021-07-26,657.619995,25336600,2.75128664923295,5.27329739133145,52.498192274435,FALSE
2021-07-27,644.780029,32813300,1.81258937095481,4.58115578725612,47.8713489950018,FALSE
2021-07-28,646.97998,16006600,1.23198116294827,3.91132086239455,48.7055007201813,FALSE
2021-07-29,677.349976,30394600,3.18572676450515,3.76620204281667,58.5631196904259,FALSE
2021-07-30,687.200012,29600500,5.46589240943422,4.10614011614018,61.1695798364247,FALSE
2021-08-02,709.669983,33615800,8.98253392145045,5.08141887720223,66.3669087382901,FALSE
2021-08-03,709.73999,21620300,11.6409569303357,6.39332648782893,66.3820061863069,FALSE
2021-08-04,710.919983,17002600,13.6852369979199,7.85170858984713,66.6537169458794,FALSE
2021-08-05,714.630005,12919600,15.4268799796691,9.36674286781153,67.5419744371981,FALSE
2021-08-06,699.099976,15576200,15.3767474670262,10.5687437876545,60.3010087560772,FALSE
2021-08-09,713.76001,14715300,16.3316976697474,11.7213345640731,64.2024367539407,FALSE
2021-08-10,709.98999,13432300,16.5930194790619,12.6956715470708,62.5013483984115,FALSE
2021-08-11,707.820007,9800600,16.4355604922961,13.4436493361159,61.4914276448019,FALSE
2021-08-12,722.25,17459100,17.2760059073109,14.2101206503549,65.4853189952416,FALSE
2021-08-13,717.169983,16698900,17.3323534557435,14.8345672114326,63.0078006607579,FALSE
2021-08-16,686.169983,22677400,14.7060462249627,14.8088630141386,50.4615322403562,FALSE
2021-08-17,665.710022,23721300,10.848674198283,14.0168252509675,44.2051797897489,FALSE
2021-08-18,688.98999,20349400,9.55997647711502,13.125455496197,51.5637515901563,FALSE
2021-08-19,673.469971,14313500,7.2033032257483,11.9410250421073,47.1036123553339,FALSE
2021-08-20,680.26001,14781800,5.81647341085136,10.7161147158561,49.174929510847,TRUE
2021-08-23,706.299988,20264900,6.74090444008198,9.92107266070127,56.2502931102568,FALSE
2021-08-24,708.48999,13083100,7.56305535540412,9.44946919964184,56.7950377743595,FALSE
2021-08-25,711.200012,12645600,8.33718611407062,9.22701258252759,57.5002457964056,FALSE
2021-08-26,701.159973,13214300,8.04777335674021,8.99116473737012,53.9846330185494,FALSE
2021-08-27,711.919983,13762100,8.58766132912547,8.91046405572119,57.0177061414095,FALSE
2021-08-30,730.909973,18604200,10.4276563920583,9.21390252298862,61.802974320231,FALSE
2021-08-31,735.719971,20855400,12.1341178186632,9.79794558212353,62.9287673686156,FALSE
2021-09-01,734.090027,13204300,13.2027844541096,10.4789133565208,62.2591225957972,FALSE
2021-09-02,732.390015,12777300,13.7539863086148,11.1339279469396,61.523759032027,FALSE
2021-09-03,733.570007,15246100,14.1232294446673,11.7317882464851,61.8604922450497,FALSE
2021-09-07,752.919983,20039800,15.7951618453391,12.5444629662559,66.9660162275998,FALSE
2021-09-08,753.869995,18793000,17.0008629815311,13.4357429693109,67.1981810987581,FALSE
2021-09-09,754.859985,14077700,17.8307321568208,14.3147408068129,67.4548705136721,FALSE
2021-09-10,736.27002,15114300,16.7947551613148,14.8107436777133,58.2386330876705,FALSE
2021-09-13,743,22952500,16.3285635533107,15.1143076528328,60.3506449522981,FALSE
2021-09-14,744.48999,18524900,15.8960928227854,15.2706646868233,60.8230414066582,FALSE
2021-09-15,755.830017,15357700,16.2807279618578,15.4726773418302,64.3084326821702,FALSE
2021-09-16,756.98999,13923400,16.4890783760957,15.6759575486833,64.6548259335577,FALSE
2021-09-17,759.48999,28204200,16.6638363544746,15.8735333098416,65.4334654770266,FALSE
2021-09-20,730.169983,24757700,14.271935792185,15.5532138063102,51.1903967256746,TRUE
2021-09-21,739.380005,16330700,12.9699990919046,15.0365708634291,54.5379962929775,FALSE
2021-09-22,751.940002,15126300,12.80409404078,14.5900754988993,58.6981665772917,FALSE
2021-09-23,753.640015,11947500,12.6638094219129,14.204822283502,59.2418231884173,FALSE
2021-09-24,774.390015,21373000,14.0648535590179,14.1768285386052,65.2537516523268,FALSE
2021-09-27,791.359985,28070700,16.3559842811486,14.6126596871139,69.24869205266,FALSE
2021-09-28,777.559998,25381400,16.8637830716367,15.0628843640184,62.9139143689466,FALSE
2021-09-29,781.309998,20942900,17.3685965619435,15.5240268036035,63.8808435691877,FALSE
2021-09-30,775.47998,17956000,17.1011003214494,15.8394415071726,61.2089337003384,FALSE
2021-10-01,775.219971,17031400,16.6758977020144,16.006732746141,61.0862187225501,True
2021-10-04,781.530029,30483300,16.6560894765082,16.1366040922144,63.0236930056552,FALSE
2021-10-05,780.590027,18432600,16.3757713114934,16.1844375360702,62.5242783181271,FALSE
2021-10-06,782.75,14632800,16.1418358795131,16.1759172047588,63.2450171396931,FALSE
2021-10-07,793.609985,19195800,16.6409241777677,16.2689185993606,66.7114903530925,FALSE
2021-10-08,785.48999,16711100,16.1945587228075,16.25404662405,62.0028603165711,FALSE
2021-10-11,791.940002,14200300,16.1748196943024,16.2382012381005,64.1664420289855,TRUE
2021-10-12,805.719971,22020000,17.0742830002393,16.4054175905282,68.3171234662609,FALSE
2021-10-13,811.080017,14120100,18.0119940120106,16.7267328748247,69.7832845413415,FALSE
2021-10-14,818.320007,12247200,19.1189520524352,17.2051767103468,71.6890343962504,FALSE
2021-10-15,843.030029,18818000,21.7395169211162,18.1120447525007,77.0168386022786,FALSE
2021-10-18,870.109985,24207200,25.7051466624348,19.6306651344875,81.1937501735633,FALSE
2021-10-19,864.27002,17381100,28.0533192328418,21.3151959541584,77.9055308394709,FALSE
2021-10-20,865.799988,14032100,29.6954083608491,22.9912384354965,78.1551307433695,FALSE
2021-10-21,894,31481500,32.8931098216999,24.9716127127372,82.1563787248295,TRUE
2021-10-22,909.679993,22880800,36.274406877105,27.2321715456108,83.9200292331578,FALSE
2021-10-25,1024.859985,62852100,47.6983351925693,31.3254042750025,90.9758879225348,FALSE
2021-10-26,1018.429993,62415000,55.5922017737157,36.1787637747451,88.6375858715154,FALSE
2021-10-27,1037.859985,38526500,62.693296584885,41.4816703367731,89.514599241707,FALSE
2021-10-28,1077.040039,27213200,70.6678532764292,47.3189069247043,91.0198126826613,FALSE
2021-10-29,1114,29918400,79.0587666242039,53.6668788646043,92.1627626293968,FALSE
2021-11-01,1208.589966,56048700,92.2775277414155,61.3890086399665,94.1980094382945,FALSE
2021-11-02,1172,42737800,98.6636535199555,68.8439376159643,85.0022782445998,FALSE
2021-11-03,1213.859985,34628500,105.881914360464,76.2515329648643,86.6124340797816,FALSE
2021-11-04,1229.910034,25397400,111.610961214305,83.3234186147525,87.1807216704075,FALSE
2021-11-05,1222.089966,21579900,114.203787812451,89.4994924542922,85.2812237417963,FALSE
